Product URL,Product Name,Product Price,Rating,Number of Reviews,Description,ASIN,Manufacturer
https://www.amazon.in/Safari-Laptop-Backpack-Resistant-Fabric/dp/B09B25Z8M2/ref=sr_1_49?crid=2M096C61O4MLT&keywords=bags&qid=1690393406&sprefix=ba%2Caps%2C283&sr=8-49,Safari Quill Large Laptop Backpack 26 Ltrs Water Resistant Fabric - Black,₹899,3.9,,,,
https://www.amazon.in/COSMUS-Polyester-Multi-functional-Convertible-15-6-Inch/dp/B07D1R1K84/ref=sr_1_50?crid=2M096C61O4MLT&keywords=bags&qid=1690393406&sprefix=ba%2Caps%2C283&sr=8-50,COSMUS Agility Convertible Backpack Messenger Bag Shoulder bag Laptop Case Handbag Business Briefcase Multi-functional Travel Bag Fits 15.6 Inch Laptop,"₹2,255",4.2,,,,
https://www.amazon.in/NORTH-ZONE-Waterproof-Backpack-Dimensions/dp/B0BS6QM2GD/ref=sr_1_51?crid=2M096C61O4MLT&keywords=bags&qid=1690393406&sprefix=ba%2Caps%2C283&sr=8-51,NORTH ZONE Casual Waterproof Laptop Backpack/Office Bag/School Bag/College Bag/Business Bag/Travel Backpack (Dimensions:13x18 inches) (Compatible with 39.62cm(15.6inch laptop) 30 L,₹630,4.0,,,,
https://www.amazon.in/Nelle-Harper-Womens-Sling-Green/dp/B07JGQM7DC/ref=sr_1_52?crid=2M096C61O4MLT&keywords=bags&qid=1690393406&sprefix=ba%2Caps%2C283&sr=8-52,Nelle Harper Women's Handbag,₹809,3.7,,,,
https://www.amazon.in/Safari-Laptop-Backpack-Resistant-Fabric/dp/B09B28TKLG/ref=sr_1_53?crid=2M096C61O4MLT&keywords=bags&qid=1690393406&sprefix=ba%2Caps%2C283&sr=8-53,Safari Quill Large Laptop Backpack 26 Ltrs Water Resistant Fabric - Blue,₹899,4.0,,,,
https://www.amazon.in/School-school-partition-Collage-Backpack/dp/B09NNYCQ1Q/ref=sr_1_54?crid=2M096C61O4MLT&keywords=bags&qid=1690393406&sprefix=ba%2Caps%2C283&sr=8-54,URBAN CARRIER School Bag For girls school bags for boys Class 5-10 Large 4 partition 45 L Laptop Collage Office Travel Unisex Backpack,₹431,3.5,,,,
https://www.amazon.in/American-Tourister-AMT-SCH-BAG02/dp/B07CGLDV2C/ref=sr_1_55?crid=2M096C61O4MLT&keywords=bags&qid=1690393406&sprefix=ba%2Caps%2C283&sr=8-55,American Tourister Casual Backpack,"₹1,249",4.2,,,,
https://www.amazon.in/Zipline-Nexa-Resistant-Bagpack-Backpack/dp/B08WQ668WJ/ref=sr_1_56?crid=2M096C61O4MLT&keywords=bags&qid=1690393406&sprefix=ba%2Caps%2C283&sr=8-56,Zipline Unisex Casual Polyester 36 L Backpack School Bag Women Men Boys Girls Children Daypack College Bag Book School Sports Bag,₹843,3.6,,,,
https://www.amazon.in/BennettTM-Mystic-Shoulder-Messenger-Repellent/dp/B09321GJXZ/ref=sr_1_57?crid=2M096C61O4MLT&keywords=bags&qid=1690393406&sprefix=ba%2Caps%2C283&sr=8-57,Bennett™ Mystic 15.6 inch (39.6cm) Laptop Briefcase Shoulder Sling Office Business Professional Travel Messenger Bag for Men and Women Water Repellent Formal Executive Bags (Grey) 6 Months Warranty,₹512,4.0,,,,
https://www.amazon.in/Police-Polyester-laptop-casual-backpack/dp/B09CQ5T3LN/ref=sr_1_58?crid=2M096C61O4MLT&keywords=bags&qid=1690393406&sprefix=ba%2Caps%2C283&sr=8-58,POLICE Backpack for Men Casual Laptop Bag Office/Travel/College 30 Ltr Hedge Polyester - Black,"₹1,399",4.1,,,,
https://www.amazon.in/Step-Backpack-Small-Water-Repellant/dp/B088XG77KN/ref=sr_1_59?crid=2M096C61O4MLT&keywords=bags&qid=1690393406&sprefix=ba%2Caps%2C283&sr=8-59,"Mi Step Out 12 L Mini Backpack (Small Size, Red, Water Repellant)",₹319,4.1,,,,
https://www.amazon.in/Safari-Backpack-Resistant-Polyester-Travelling/dp/B09B26VHXV/ref=sr_1_60?crid=2M096C61O4MLT&keywords=bags&qid=1690393406&sprefix=ba%2Caps%2C283&sr=8-60,"Safari Flash Casual Backpack, 26 ltr Water Resistant Travel Bags| Weight Polyester Bagpack for Men and Women, Spacious Shoulder Bag for College, Office, Travelling and Camping",₹799,3.8,,,,
https://www.amazon.in/Half-Moon-Backpack-Spacious-Multiple/dp/B0C23Z9W18/ref=sr_1_61?crid=2M096C61O4MLT&keywords=bags&qid=1690393406&sprefix=ba%2Caps%2C283&sr=8-61,Half Moon Aztec 37L School Bag Class 5-12 | College Bagpack for Men/College Back pack for Women | 15.6 inch Laptop Bag for Men/Backpack for Men | Spacious & Multiple Pockets,₹649,3.6,,,,
https://www.amazon.in/F-Gear-Luxur-Brown-Backpack/dp/B01F7AX9ZA/ref=sr_1_62?crid=2M096C61O4MLT&keywords=bags&qid=1690393406&sprefix=ba%2Caps%2C283&sr=8-62,F Gear Luxur Brown 25 liter Laptop Backpack (2404),"₹1,279",4.4,,,,Visit the F Gear Store
https://www.amazon.in/TYPIFY%C2%AE-Quality-Backpack-Designer-Spacious/dp/B082SZV6F1/ref=sr_1_63?crid=2M096C61O4MLT&keywords=bags&qid=1690393406&sprefix=ba%2Caps%2C283&sr=8-63,"TYPIFY® Preppy Korean Ribbon Women Backpack College Bag, latest Girls. Gift for Her",₹899,4.1,,,,
https://www.amazon.in/TRUE-HUMAN-Anti-Theft-charging-combination/dp/B09H7PK5ML/ref=sr_1_64?crid=2M096C61O4MLT&keywords=bags&qid=1690393406&sprefix=ba%2Caps%2C283&sr=8-64,TRUE HUMAN Anti-Theft and USB charging port backpack with security lock Laptop bag|office bag| for men and women (Grey),₹649,3.8,,,,
https://www.amazon.in/ZIPLINE-Synthetic-Executive-Briefcase-compartments/dp/B0756WKXH9/ref=sr_1_273?crid=2M096C61O4MLT&keywords=bags&qid=1690393415&sprefix=ba%2Caps%2C283&sr=8-273,"Zipline Office Laptop Vegan Leather Executive Formal 15.6 Laptop Briefcase Messenger Bag for Men Women with Multiple compartments (Brown),(1-Bag)",₹938,4.1,,,,
https://www.amazon.in/Lenovo-Laptop-Everyday-Backpack-Black/dp/B07GM5NR14/ref=sr_1_274?crid=2M096C61O4MLT&keywords=bags&qid=1690393415&sprefix=ba%2Caps%2C283&sr=8-274,Lenovo Everyday Laptop Backpack B515 15.6-inch Water Repellent Black,"₹1,499",4.1,,,,
https://www.amazon.in/gp/bestsellers/shoes/1983354031/ref=sr_bs_2_1983354031_1,Lavie Women's Ushawu Satchel Bag | Ladies Purse Handbag,"₹1,249",4.1,,,,
https://www.amazon.in/SKYBAGS-Unisex-Luggage-Duffel-Bag-DFHUS55ONG/dp/B07F342RQD/ref=sr_1_276?crid=2M096C61O4MLT&keywords=bags&qid=1690393415&sprefix=ba%2Caps%2C283&sr=8-276,"Skybags Unisex Polyester Solid Pattern Hustle Df 55 (Orange, Small)","₹1,585",4.3,,,,
https://www.amazon.in/DZert-Rumble-School-Backpacks-Cartoon/dp/B0994PHBSL/ref=sr_1_277?crid=2M096C61O4MLT&keywords=bags&qid=1690393415&sprefix=ba%2Caps%2C283&sr=8-277,DZert Kids School Bag Soft Plush Backpacks Cartoon Boys Girls Baby (2-5 Years),₹249,3.7,,,,
https://www.amazon.in/CLOWNFISH-Critters-Polyester-Staionery-Black-Galaxy/dp/B0BVJ526VS/ref=sr_1_278?crid=2M096C61O4MLT&keywords=bags&qid=1690393415&sprefix=ba%2Caps%2C283&sr=8-278,THE CLOWNFISH Cosmic Critters Series Printed Polyester 15 Litres Kids Backpack Unisex School Bag with Free Pencil Staionery Pouch Daypack Casual Backpack Picnic Bag for tiny tots boys & girls,₹799,4.4,,,,
https://www.amazon.in/Half-Moon-Resistant-Laptop-Backpack/dp/B09842K4RQ/ref=sr_1_279?crid=2M096C61O4MLT&keywords=bags&qid=1690393415&sprefix=ba%2Caps%2C283&sr=8-279,"Half Moon 35L Water Resistant 15.6 inch Laptop Bag for Men/Backpack for Men, Black | Office Bag for Men/Office Bag for Women with Padded Laptop Compartment | Rain Cover & Reflective Strips",₹699,3.9,,,,
https://www.amazon.in/HAMMONDS-FLYCATCHER-Genuine-Shoulder-Messenger/dp/B07P2TQH78/ref=sr_1_280?crid=2M096C61O4MLT&keywords=bags&qid=1690393415&sprefix=ba%2Caps%2C283&sr=8-280,"HAMMONDS FLYCATCHER Genuine Leather Laptop Bag for Men - Office Bag, Brown Color - Fits Up to 14/15.6/16 Inch Laptop/MacBook - Laptop Messenger Bags/Leather Bag for Men with Adjustable Shoulder Strap","₹2,623",4.3,,,,
https://www.amazon.in/Half-Moon-Waterproof-Backpack-Students/dp/B0BR149RMT/ref=sr_1_281?crid=2M096C61O4MLT&keywords=bags&qid=1690393415&sprefix=ba%2Caps%2C283&sr=8-281,Half Moon 35 L Casual Waterproof Laptop Bag/Backpack for Men Women Boys Girls/Office School College Teens & Students with Rain Cover (18 Inch) (Sky Blue),₹699,3.6,,,,Visit the Half Moon Store
https://www.amazon.in/SACCI-MUCCI-Allamanda-Lightweight-SM1-10_magnolia/dp/B09TDNZ88Z/ref=sr_1_282?crid=2M096C61O4MLT&keywords=bags&qid=1690393415&sprefix=ba%2Caps%2C283&sr=8-282,"SACCI MUCCI Women's Rainbow Sling Bag, Handmade Bags for Females - 100% Vegan Leather and Coated Duck canvas Fabric, Lightweight and Durable",₹499,4.2,,,,
https://www.amazon.in/Genie-compartments-Resistant-Lightweight-Travelling/dp/B097JJGDW5/ref=sr_1_283?crid=2M096C61O4MLT&keywords=bags&qid=1690393415&sprefix=ba%2Caps%2C283&sr=8-283,"Genie Sweet Laptop Backpack for Women, 3 compartments, Stylish and Trendy College Bags for Girls, Water Resistant and Lightweight Bags for Office and Travelling Purpose. 36 litres","₹1,299",,,,,
https://www.amazon.in/Ultrafit-15-6-inch-Backpacks-Travelling-Backpack-Black/dp/B082Y7TZ8Z/ref=sr_1_284?crid=2M096C61O4MLT&keywords=bags&qid=1690393415&sprefix=ba%2Caps%2C283&sr=8-284,"Red Lemon Titan Ultrafit Plus Bange Series 15.6-inch Laptop Bags Backpacks for Men and Women55L Outdoor and Camping 3in1 Office Bags,Travelling,Backpack","₹3,999",4.4,,,,
https://www.amazon.in/Shoulder-Lightweight-Duffle-Weekend-Blue-Orange/dp/B09139DYF1/ref=sr_1_285?crid=2M096C61O4MLT&keywords=bags&qid=1690393415&sprefix=ba%2Caps%2C283&sr=8-285,"Aurion Vista Polyester Sports Gym Duffle Bag with Wet Pocket and Shoe Compartment - 1Pc (Blue, 24 Cms) | Lightweight Duffle Bags | Travel Duffel Backpack for Men and Women | Camping | Swimming | Yoga",₹349,4.0,,,,
https://www.amazon.in/Skybags-Unisex-Adjustable-Polyester-Backpack/dp/B0BJ74KLLY/ref=sr_1_286?crid=2M096C61O4MLT&keywords=bags&qid=1690393415&sprefix=ba%2Caps%2C283&sr=8-286,Skybags Kick Unisex Adjustable Strap Polyester Laptop Backpack,"₹1,576",4.0,,,,
https://www.amazon.in/Zipline-Foldable-Waterproof-Backpacks-Cover/dp/B07TR5WHMX/ref=sr_1_287?crid=2M096C61O4MLT&keywords=bags&qid=1690393415&sprefix=ba%2Caps%2C283&sr=8-287,Zipline Rain & Dust Nylon Foldable Waterproof Cover with Pouch Laptop Bags and Backpacks Bag Cover  (Black),₹233,3.5,,,,
https://www.amazon.in/SATELLITE-Black-Casual-Backpack-Bagpack/dp/B083DZVFZM/ref=sr_1_288?crid=2M096C61O4MLT&keywords=bags&qid=1690393415&sprefix=ba%2Caps%2C283&sr=8-288,satellite backpacks for men women backpack bags school bag boys under 35 ltr litres casual bagpack black,₹516,3.9,,,,
https://www.amazon.in/Gear-Superior-Casual-Backpack-BKPSPRIOR0001/dp/B08GY2ZN96/ref=sr_1_289?crid=2M096C61O4MLT&keywords=bags&qid=1690393422&sprefix=ba%2Caps%2C283&sr=8-289,Gear Superior 16LWater Resistant School ,₹365,3.9,,,,
https://www.amazon.in/American-Tourister-Laptop-Backpack-BLACK/dp/B0C65ZF9SP/ref=sr_1_290?crid=2M096C61O4MLT&keywords=bags&qid=1690393422&sprefix=ba%2Caps%2C283&sr=8-290,American Tourister RON Laptop Backpack 01 BLACK,"₹1,999",,,,,
https://www.amazon.in/F-Gear-Blow-Laptop-Backpack-Red/dp/B0749MPCFT/ref=sr_1_291?crid=2M096C61O4MLT&keywords=bags&qid=1690393422&sprefix=ba%2Caps%2C283&sr=8-291,"F Gear Blow Laptop Backpack With Rain Cover 32 Liters (Red,Grey) Sch ","₹1,069",4.3,,,,
https://www.amazon.in/Business-Casual-Resistant-Laptop-Backpack/dp/B0862V2GKH/ref=sr_1_292?crid=2M096C61O4MLT&keywords=bags&qid=1690393422&sprefix=ba%2Caps%2C283&sr=8-292,MI Business Casual 21L Water Resistant Laptop Backpack,₹949,4.4,,,,
https://www.amazon.in/Gear-DOUBLE-Resistant-Backpack-Navy-Tan/dp/B0BTJ2T26W/ref=sr_1_293?crid=2M096C61O4MLT&keywords=bags&qid=1690393422&sprefix=ba%2Caps%2C283&sr=8-293,Gear DOUBLE DECKER 31L Water Resistant Laptop ,"₹1,295",3.5,,,,
https://www.amazon.in/DZert-Polyester-Black-White-Laptop/dp/B07H193V57/ref=sr_1_294?crid=2M096C61O4MLT&keywords=bags&qid=1690393422&sprefix=ba%2Caps%2C283&sr=8-294,DZert Clasy Laptop ,₹339,3.8,,,,
https://www.amazon.in/Professional-Organizer-Waterproof-Compartment-Accessories/dp/B0C7VJ1LFG/ref=sr_1_295?crid=2M096C61O4MLT&keywords=bags&qid=1690393422&sprefix=ba%2Caps%2C283&sr=8-295,VIULVUK Professional Large Makeup Kit Organizer for Girls | Waterproof Cosmetic ,₹169,4.0,,,,
https://www.amazon.in/Hammonds-Flycatcher-Messenger-LB106MH-Brushwood/dp/B0851GC4WL/ref=sr_1_296?crid=2M096C61O4MLT&keywords=bags&qid=1690393422&sprefix=ba%2Caps%2C283&sr=8-296,HAMMONDS FLYCATCHER Genuine Leather Laptop ,"₹2,623",4.3,,,,
https://www.amazon.in/Cosmus-Darwin-Dx-Laptop-Backpack/dp/B077P4Z91X/ref=sr_1_297?crid=2M096C61O4MLT&keywords=bags&qid=1690393422&sprefix=ba%2Caps%2C283&sr=8-297,COSMUS Darwin Dx Laptop Backpack - 29 litres Linen Polyester Durable Fabric Office Laptop ,"₹1,451",4.4,,,,
https://www.amazon.in/American-Tourister-FJ9-08-001/dp/B07N15QM1C/ref=sr_1_298?crid=2M096C61O4MLT&keywords=bags&qid=1690393422&sprefix=ba%2Caps%2C283&sr=8-298,American Tourister Ohio Polyester 55 Cms Wheel Travel Duffle ,"₹1,799",4.1,,,,
https://www.amazon.in/F-Gear-Blackhawk-Black-Laptop-Backpack/dp/B07XMRGQCM/ref=sr_1_299?crid=2M096C61O4MLT&keywords=bags&qid=1690393422&sprefix=ba%2Caps%2C283&sr=8-299,F Gear Blackhawk 40 Ltrs Black Laptop Backpack (3178),"₹1,649",4.3,,,,
https://www.amazon.in/Cosmetic-Bags-Women-Aesthetic-Organizer/dp/B0C77ZN924/ref=sr_1_300?crid=2M096C61O4MLT&keywords=bags&qid=1690393422&sprefix=ba%2Caps%2C283&sr=8-300,Cosmetic ,₹279,,,,,
https://www.amazon.in/LuvLap-Travel-Multifunctional-Waterproof-Bag-Backpack/dp/B07W6Z8XKB/ref=sr_1_301?crid=2M096C61O4MLT&keywords=bags&qid=1690393422&sprefix=ba%2Caps%2C283&sr=8-301,LuvLap Lily Travel Multifunctional Waterproof Diaper ,"₹1,135",4.4,,,,
https://www.amazon.in/Fur-Jaden-Charging-Waterproof-BM36_BlueZip/dp/B07MXM5M99/ref=sr_1_302?crid=2M096C61O4MLT&keywords=bags&qid=1690393422&sprefix=ba%2Caps%2C283&sr=8-302,Fur Jaden 15.6 Inch Laptop Backpack 25 LTR ,₹479,3.9,,,,
https://www.amazon.in/Lunars-Travel-Laptop-Bag-compartments/dp/B08NHL52MK/ref=sr_1_303?crid=2M096C61O4MLT&keywords=bags&qid=1690393422&sprefix=ba%2Caps%2C283&sr=8-303,"Lunar's Unisex 50L Water Resistant Office/Travel/Business Laptop Backpack, ","₹1,199",4.0,,,,
https://www.amazon.in/Genie-compartments-Resistant-Lightweight-Travelling/dp/B0C85YB2S3/ref=sr_1_304?crid=2M096C61O4MLT&keywords=bags&qid=1690393422&sprefix=ba%2Caps%2C283&sr=8-304,"Genie Royale Laptop Backpack for Women, 3 compartments, Water Resistant and Lightweight ",₹899,,,,,
